<?xml version="1.0" encoding="utf-8"?>
<ns2:Schema xmlns:xsi="http://www.w3.org/2001/XMLSchema-instance" xmlns:ns3="http://www.i2group.com/Schemas/2011-03-03/ModelSchemaExtension" DefaultLabelingSchemeId="4a39af39-fa0d-44e0-b45f-564bedfa7e3a" xmlns:ns2="http://www.i2group.com/Schemas/2011-03-03/ModelSchema">
  <GradeTypes>
    <GradeType Description="Source Evaluation" Mandatory="false" Id="G1" Name="Reliability">
      <Values>
        <Value>A</Value>
        <Value>B</Value>
        <Value>C</Value>
        <Value>D</Value>
        <Value>E</Value>
      </Values>
    </GradeType>
    <GradeType Description="Information Intelligence Evaluation" Mandatory="false" Id="G2" Name="Confidence">
      <Values>
        <Value>1</Value>
        <Value>2</Value>
        <Value>3</Value>
        <Value>4</Value>
        <Value>5</Value>
      </Values>
    </GradeType>
    <GradeType Description="Handling Code" Mandatory="false" Id="G3" Name="Privacy">
      <Values>
        <Value>1</Value>
        <Value>2</Value>
        <Value>3</Value>
        <Value>4</Value>
        <Value>5</Value>
      </Values>
    </GradeType>
  </GradeTypes>
  <ItemTypes>
    <EntityTypes>
      <EntityType Id="372a12af-f684-41c5-9ce9-759b3beef826" Description="Set" DisplayName="Set" Icon="General group">
        <PropertyGroupTypes />
        <PropertyTypes>
          <PropertyType Position="0" Mandatory="true" MaximumLengthChars="255" SemanticTypeId="" DisplayName="Name" Description="Name" LogicalType="SINGLE_LINE_STRING" Id="07e81445-0f5e-4340-b355-c82809e895da">
            <PossibleValues />
          </PropertyType>
        </PropertyTypes>
      </EntityType>
      <EntityType Id="642330a9-1eca-43d0-9f45-a3ca2fd8a1bb" Description="User" DisplayName="User" Icon="Profmale">
        <PropertyGroupTypes />
        <PropertyTypes>
          <PropertyType Position="0" Mandatory="false" MaximumLengthChars="250" SemanticTypeId="" DisplayName="Name" Description="Name" LogicalType="SINGLE_LINE_STRING" Id="ce3d12ac-2632-4a0f-b2b6-6a7fdda887a6">
            <PossibleValues />
          </PropertyType>
          <PropertyType Position="1" Mandatory="false" SemanticTypeId="" DisplayName="Picture" Description="Picture" LogicalType="PICTURE" Id="becf8151-c6ac-4b9e-bff5-bb56e02fb2ed">
            <PossibleValues />
          </PropertyType>
          <PropertyType Position="2" Mandatory="false" SemanticTypeId="" DisplayName="Available" Description="Availability" LogicalType="BOOLEAN" Id="e31bc44e-39f2-4221-a237-a69766d4685e">
            <PossibleValues />
          </PropertyType>
        </PropertyTypes>
      </EntityType>
      <EntityType Id="cf17d636-44c9-4897-b19d-7d2eda002e57" Description="Analyst's Notebook chart" DisplayName="Analyst's Notebook Chart" Icon="Anbchart">
        <PropertyGroupTypes />
        <PropertyTypes>
          <PropertyType Position="0" Mandatory="true" MaximumLengthChars="255" SemanticTypeId="" DisplayName="Name" Description="The file name of the chart" LogicalType="SINGLE_LINE_STRING" Id="d6d03ce2-3cd6-49c1-8a66-366d0e434fd4">
            <PossibleValues />
          </PropertyType>
          <PropertyType Position="1" Mandatory="false" SemanticTypeId="" DisplayName="Chart Binary Data" Description="The binary file that stores the contents of the chart" LogicalType="DOCUMENT" Id="a20fef80-5c5f-4cf6-a597-c869193792e7">
            <PossibleValues />
          </PropertyType>
          <PropertyType Position="2" Mandatory="false" SemanticTypeId="" DisplayName="Chart Preview Image" Description="A thumbnail image of the chart" LogicalType="PICTURE" Id="8690b4d1-421d-4df1-8a9b-b1d25a1676e3">
            <PossibleValues />
          </PropertyType>
          <PropertyType Position="3" Mandatory="false" SemanticTypeId="" DisplayName="Chart Index Data" Description="Data used to index the chart" LogicalType="DOCUMENT" Id="c84133b6-7c02-466f-ba14-c1bf28787f2c">
            <PossibleValues />
          </PropertyType>
        </PropertyTypes>
      </EntityType>
      <EntityType Id="1274e2e7-7751-4dae-a994-648718e19f04" Description="Alert Feed" DisplayName="Alert Feed" Icon="Search">
        <PropertyGroupTypes>
          <PropertyGroupType Mandatory="true" Position="3" Description="Events that will trigger alerts from this feed" DisplayName="Alert Trigger Events" Id="566eaa37-01d2-4628-9231-a0448ef4a44c">
            <PropertyTypes>
              <PropertyType Position="0" Mandatory="false" SemanticTypeId="" DisplayName="Item has been changed" Description="Alert on changes to this item" LogicalType="BOOLEAN" Id="03487793-7975-4332-903b-e670a66c9451">
                <PossibleValues />
              </PropertyType>
              <PropertyType Position="1" Mandatory="false" SemanticTypeId="" DisplayName="Item has been deleted" Description="Alert on deletion of this item" LogicalType="BOOLEAN" Id="f8471cf2-0b19-4bd2-9187-d3ac6f474026">
                <PossibleValues />
              </PropertyType>
              <PropertyType Position="2" Mandatory="false" SemanticTypeId="" DisplayName="Link has been made to item" Description="Alert on links made to this item" LogicalType="BOOLEAN" Id="0b99c403-49f7-4757-9876-3606ec5befa0">
                <PossibleValues />
              </PropertyType>
              <PropertyType Position="9" Mandatory="false" SemanticTypeId="" DisplayName="Item primary properties have changed" Description="Alert on changes to the primary properties of this item" LogicalType="BOOLEAN" Id="4b873852-76e4-48e1-884a-9f95b87210f9">
                <PossibleValues />
              </PropertyType>
              <PropertyType Position="3" Mandatory="false" SemanticTypeId="" DisplayName="Content added to this set" Description="Alert on additions to this set" LogicalType="BOOLEAN" Id="afa7f3fb-23b0-4869-8b7d-0306ef158b5b">
                <PossibleValues />
              </PropertyType>
              <PropertyType Position="8" Mandatory="false" SemanticTypeId="" DisplayName="Version change for existing set content" Description="Alert on changes to the version of an item in this set" LogicalType="BOOLEAN" Id="051e91c1-e925-4dd4-97f1-75ffe37f9c48">
                <PossibleValues />
              </PropertyType>
              <PropertyType Position="4" Mandatory="false" SemanticTypeId="" DisplayName="Content removed from this set" Description="Alert on removals from this set" LogicalType="BOOLEAN" Id="8146df80-3a08-4106-900f-214faf9ec571">
                <PossibleValues />
              </PropertyType>
              <PropertyType Position="5" Mandatory="false" SemanticTypeId="" DisplayName="Item in this set has been changed" Description="Alert on changes to any item in this set" LogicalType="BOOLEAN" Id="db8c60d1-1ff9-4896-bbd0-5e33351815e2">
                <PossibleValues />
              </PropertyType>
              <PropertyType Position="6" Mandatory="false" SemanticTypeId="" DisplayName="Item in this set has been deleted" Description="Alert on deletion of any item in this set" LogicalType="BOOLEAN" Id="514b213e-b677-428a-a5c9-b8690d564032">
                <PossibleValues />
              </PropertyType>
              <PropertyType Position="7" Mandatory="false" SemanticTypeId="" DisplayName="Item in this set has been linked to" Description="Alert on links made to any item in this set" LogicalType="BOOLEAN" Id="2d9ed2a2-5f33-432b-b99b-f08349f8366d">
                <PossibleValues />
              </PropertyType>
              <PropertyType Position="10" Mandatory="false" SemanticTypeId="" DisplayName="Item in this set has had primary properties changed" Description="Alert on changes to the primary properties of an item in this set" LogicalType="BOOLEAN" Id="e2127bbb-9ad8-417d-840f-74ec9849ec5e">
                <PossibleValues />
              </PropertyType>
            </PropertyTypes>
          </PropertyGroupType>
        </PropertyGroupTypes>
        <PropertyTypes>
          <PropertyType Position="0" Mandatory="true" MaximumLengthChars="250" SemanticTypeId="" DisplayName="Name" Description="The name of this alert feed" LogicalType="SINGLE_LINE_STRING" Id="b7b059a0-1079-45ac-8ae0-ee026f70dd69">
            <PossibleValues />
          </PropertyType>
          <PropertyType Position="1" Mandatory="false" SemanticTypeId="" DisplayName="Description" Description="Descriptive text to be included in any generated alerts" LogicalType="MULTIPLE_LINE_STRING" Id="d1949ec2-9a77-461e-a16f-81026ccd1e89">
            <PossibleValues />
          </PropertyType>
          <PropertyType Position="2" Mandatory="true" MaximumLengthChars="250" SemanticTypeId="" DisplayName="Alert Reference ID" Description="Unique identifier of the item being monitored for alerts" LogicalType="SINGLE_LINE_STRING" Id="814a72ed-5c68-4763-8d47-b4866de2344b">
            <PossibleValues />
          </PropertyType>
        </PropertyTypes>
      </EntityType>
      <EntityType Id="43cd717c-0204-4c81-93ea-f9f0458bc5ea" Description="Stored Query" DisplayName="Query" Icon="StoredQuery">
        <PropertyGroupTypes>
          <PropertyGroupType Mandatory="false" Position="5" Description="Presentation Metadata. This data is private to the stored query and is not directly editable." DisplayName="Query Presentation" Id="2c818fa6-68c4-42a4-9bc3-c34bcdc4379a">
            <PropertyTypes>
              <PropertyType Position="0" Mandatory="true" MaximumLengthChars="250" SemanticTypeId="" DisplayName="Format" Description="Presentation Format Type. This data is private to the stored query and is not directly editable." LogicalType="SINGLE_LINE_STRING" Id="97f76ffe-1ece-4d5b-9e20-ea66b572b2c5">
                <PossibleValues />
              </PropertyType>
              <PropertyType Position="1" Mandatory="false" MaximumLengthChars="250" SemanticTypeId="" DisplayName="String Data" Description="Presentation String Data. This data is private to the stored query and is not directly editable." LogicalType="SINGLE_LINE_STRING" Id="b58f34b6-60fb-4730-a4aa-156bf4e817e0">
                <PossibleValues />
              </PropertyType>
              <PropertyType Position="2" Mandatory="false" SemanticTypeId="" DisplayName="XML Data" Description="Presentation XML Data. This data is private to the stored query and is not directly editable." LogicalType="XML" Id="ab2fdf78-ddd8-49b2-872a-f5c8ac2106d5">
                <PossibleValues />
              </PropertyType>
            </PropertyTypes>
          </PropertyGroupType>
        </PropertyGroupTypes>
        <PropertyTypes>
          <PropertyType Position="0" Mandatory="true" MaximumLengthChars="250" SemanticTypeId="" DisplayName="Name" Description="User-specified name of this stored query" LogicalType="SINGLE_LINE_STRING" Id="98ce27bc-50d7-4fa0-89b0-d6440cdb12fd">
            <PossibleValues />
          </PropertyType>
          <PropertyType Position="1" Mandatory="false" SemanticTypeId="" DisplayName="Description" Description="Description of this stored query" LogicalType="MULTIPLE_LINE_STRING" Id="a30ddbca-6c14-4454-bdb0-811a5b5beb16">
            <PossibleValues />
          </PropertyType>
          <PropertyType Position="2" Mandatory="true" MaximumLengthChars="250" SemanticTypeId="" DisplayName="Query Type" Description="Stored Query Type. This data is private to the stored query and is not directly editable." LogicalType="SINGLE_LINE_STRING" Id="5ae10920-6d60-419f-80db-ba5b9935d93b">
            <PossibleValues />
          </PropertyType>
          <PropertyType Position="3" Mandatory="false" MaximumLengthChars="250" SemanticTypeId="" DisplayName="Query Definition (String)" Description="Stored Query String Definition. This data is private to the stored query and is not directly editable." LogicalType="SINGLE_LINE_STRING" Id="17903032-1cd1-4524-94ef-a35aab212e6a">
            <PossibleValues />
          </PropertyType>
          <PropertyType Position="4" Mandatory="false" SemanticTypeId="" DisplayName="Query Definition (XML)" Description="Stored Query XML Definition. This data is private to the stored query and is not directly editable." LogicalType="XML" Id="f5916739-a962-4c01-95d3-2598bfabc1b5">
            <PossibleValues />
          </PropertyType>
        </PropertyTypes>
      </EntityType>
      <EntityType Id="ET1" Description="" DisplayName="User" Icon="Spy">
        <PropertyGroupTypes />
        <PropertyTypes>
          <PropertyType Position="0" Mandatory="false" MaximumLengthChars="250" SemanticTypeId="" DisplayName="Username" Description="" LogicalType="SINGLE_LINE_STRING" Id="PT1">
            <PossibleValues />
          </PropertyType>
          <PropertyType Position="1" Mandatory="false" MaximumLengthChars="250" SemanticTypeId="" DisplayName="User Security Groups" Description="" LogicalType="SINGLE_LINE_STRING" Id="PT8">
            <PossibleValues />
          </PropertyType>
        </PropertyTypes>
      </EntityType>
      <EntityType Id="ET2" Description="" DisplayName="Search" Icon="Search">
        <PropertyGroupTypes />
        <PropertyTypes>
          <PropertyType Position="0" Mandatory="false" MaximumLengthChars="250" SemanticTypeId="" DisplayName="User" Description="" LogicalType="SINGLE_LINE_STRING" Id="PT2">
            <PossibleValues />
          </PropertyType>
          <PropertyType Position="1" Mandatory="false" MaximumLengthChars="250" SemanticTypeId="" DisplayName="Timestamp" Description="" LogicalType="DATE_AND_TIME" Id="PT3">
            <PossibleValues />
          </PropertyType>
          <PropertyType Position="2" Mandatory="false" MaximumLengthChars="250" SemanticTypeId="" DisplayName="Security Group" Description="" LogicalType="SINGLE_LINE_STRING" Id="PT4">
            <PossibleValues />
          </PropertyType>
          <PropertyType Position="3" Mandatory="false" MaximumLengthChars="250" SemanticTypeId="" DisplayName="Security Permissions" Description="" LogicalType="SINGLE_LINE_STRING" Id="PT7">
            <PossibleValues />
          </PropertyType>
          <PropertyType Position="4" Mandatory="false" MaximumLengthChars="250" SemanticTypeId="" DisplayName="Client User Agent" Description="" LogicalType="SINGLE_LINE_STRING" Id="PT9">
            <PossibleValues />
          </PropertyType>
          <PropertyType Position="5" Mandatory="false" MaximumLengthChars="250" SemanticTypeId="" DisplayName="Client IP Address" Description="" LogicalType="SINGLE_LINE_STRING" Id="PT10">
            <PossibleValues />
          </PropertyType>
          <PropertyType Position="6" Mandatory="false" MaximumLengthChars="250" SemanticTypeId="" DisplayName="Expression" Description="" LogicalType="SINGLE_LINE_STRING" Id="PT11">
            <PossibleValues />
          </PropertyType>
          <PropertyType Position="7" Mandatory="false" MaximumLengthChars="250" SemanticTypeId="" DisplayName="Filters" Description="" LogicalType="SINGLE_LINE_STRING" Id="PT13">
            <PossibleValues />
          </PropertyType>
          <PropertyType Position="8" Mandatory="false" MaximumLengthChars="250" SemanticTypeId="" DisplayName="Method Name" Description="" LogicalType="SINGLE_LINE_STRING" Id="PT22">
            <PossibleValues />
          </PropertyType>
          <PropertyType Position="9" Mandatory="false" MaximumLengthChars="250" SemanticTypeId="" DisplayName="Method Parameters" Description="" LogicalType="SINGLE_LINE_STRING" Id="PT23">
            <PossibleValues />
          </PropertyType>
          <PropertyType Position="10" Mandatory="false" MaximumLengthChars="250" SemanticTypeId="" DisplayName="DataStores" Description="" LogicalType="SINGLE_LINE_STRING" Id="PT24">
            <PossibleValues />
          </PropertyType>
        </PropertyTypes>
      </EntityType>
      <EntityType Id="ET3" Description="" DisplayName="View" Icon="Spreadsheetdoc">
        <PropertyGroupTypes />
        <PropertyTypes>
          <PropertyType Position="0" Mandatory="false" MaximumLengthChars="250" SemanticTypeId="" DisplayName="recordgroup" Description="" LogicalType="SINGLE_LINE_STRING" Id="PT6">
            <PossibleValues />
          </PropertyType>
        </PropertyTypes>
      </EntityType>
      <EntityType Id="ET5" Description="" DisplayName="Expand" Icon="Anbapp">
        <PropertyGroupTypes />
        <PropertyTypes>
          <PropertyType Position="0" Mandatory="false" MaximumLengthChars="250" SemanticTypeId="" DisplayName="Security Groups" Description="" LogicalType="SINGLE_LINE_STRING" Id="PT14">
            <PossibleValues />
          </PropertyType>
          <PropertyType Position="1" Mandatory="false" MaximumLengthChars="250" SemanticTypeId="" DisplayName="Seeds" Description="" LogicalType="SINGLE_LINE_STRING" Id="PT15">
            <PossibleValues />
          </PropertyType>
          <PropertyType Position="2" Mandatory="true" SemanticTypeId="" DisplayName="Timestamp" Description="" LogicalType="DATE_AND_TIME" Id="PT16">
            <PossibleValues />
          </PropertyType>
          <PropertyType Position="3" Mandatory="false" MaximumLengthChars="250" SemanticTypeId="" DisplayName="Method Name" Description="" LogicalType="SINGLE_LINE_STRING" Id="PT19">
            <PossibleValues />
          </PropertyType>
          <PropertyType Position="4" Mandatory="false" MaximumLengthChars="250" SemanticTypeId="" DisplayName="Additional Info" Description="" LogicalType="SINGLE_LINE_STRING" Id="PT20">
            <PossibleValues />
          </PropertyType>
          <PropertyType Position="5" Mandatory="false" MaximumLengthChars="250" SemanticTypeId="" DisplayName="User" Description="" LogicalType="SINGLE_LINE_STRING" Id="PT21">
            <PossibleValues />
          </PropertyType>
          <PropertyType Position="6" Mandatory="false" MaximumLengthChars="250" SemanticTypeId="" DisplayName="Client IP Address" Description="" LogicalType="SINGLE_LINE_STRING" Id="PT18">
            <PossibleValues />
          </PropertyType>
          <PropertyType Position="7" Mandatory="false" MaximumLengthChars="250" SemanticTypeId="" DisplayName="Client User Agent" Description="" LogicalType="SINGLE_LINE_STRING" Id="PT27">
            <PossibleValues />
          </PropertyType>
          <PropertyType Position="8" Mandatory="false" MaximumLengthChars="250" SemanticTypeId="" DisplayName="Security Permissions" Description="" LogicalType="SINGLE_LINE_STRING" Id="PT29">
            <PossibleValues />
          </PropertyType>
        </PropertyTypes>
      </EntityType>
      <EntityType Id="ET6" Description="" DisplayName="Computer" Icon="IP Address">
        <PropertyGroupTypes />
        <PropertyTypes>
          <PropertyType Position="0" Mandatory="false" MaximumLengthChars="250" SemanticTypeId="" DisplayName="IP Address" Description="" LogicalType="SINGLE_LINE_STRING" Id="PT25">
            <PossibleValues />
          </PropertyType>
          <PropertyType Position="1" Mandatory="false" MaximumLengthChars="250" SemanticTypeId="" DisplayName="User Agent" Description="" LogicalType="SINGLE_LINE_STRING" Id="PT26">
            <PossibleValues />
          </PropertyType>
        </PropertyTypes>
      </EntityType>
      <EntityType Id="ET7" Description="" DisplayName="Datastore" Icon="Server">
        <PropertyGroupTypes />
        <PropertyTypes>
          <PropertyType Position="0" Mandatory="false" MaximumLengthChars="250" SemanticTypeId="" DisplayName="Name" Description="" LogicalType="SINGLE_LINE_STRING" Id="PT12">
            <PossibleValues />
          </PropertyType>
        </PropertyTypes>
      </EntityType>
    </EntityTypes>
    <LinkTypes>
      <LinkType Id="dab2f6f2-813c-4a47-b630-b91f52a1e0e1" Description="Alert Feed Subscription" DisplayName="Alert Feed Subscription" FromTypeIds="642330a9-1eca-43d0-9f45-a3ca2fd8a1bb" ToTypeIds="1274e2e7-7751-4dae-a994-648718e19f04">
        <PropertyGroupTypes>
          <PropertyGroupType Mandatory="false" Position="0" Description="The ways in which alerts are delivered" DisplayName="Alert delivery methods" Id="84aa56e3-84a1-4c05-9a77-4f9185202a55">
            <PropertyTypes>
              <PropertyType Position="0" Mandatory="false" SemanticTypeId="" DisplayName="By alert retrieval" Description="Through the alert retrieval web service" LogicalType="BOOLEAN" Id="72367e78-b265-46e1-8fc8-81f42d307e40">
                <PossibleValues />
              </PropertyType>
            </PropertyTypes>
          </PropertyGroupType>
        </PropertyGroupTypes>
        <PropertyTypes />
      </LinkType>
      <LinkType Id="LT1" Description="Audit" DisplayName="Audit" FromTypeIds="ET1 ET2 ET3 ET5 ET6 ET7" ToTypeIds="ET2 ET3 ET1 ET5 ET6 ET7">
        <PropertyGroupTypes />
        <PropertyTypes>
          <PropertyType Position="0" Mandatory="false" MaximumLengthChars="250" SemanticTypeId="" DisplayName="Information" Description="" LogicalType="MULTIPLE_LINE_STRING" Id="PT5">
            <PossibleValues />
          </PropertyType>
          <PropertyType Position="1" Mandatory="false" MaximumLengthChars="250" SemanticTypeId="" DisplayName="Timestamp" Description="" LogicalType="SINGLE_LINE_STRING" Id="PT17">
            <PossibleValues />
          </PropertyType>
        </PropertyTypes>
      </LinkType>
    </LinkTypes>
  </ItemTypes>
  <Id>f27a2add-a324-4f6d-acf1-ed8b4d67f6f1</Id>
  <Version>36</Version>
  <SourceInfoMandatoryFields IsDateMandatory="false" IsDescriptionMandatory="false" IsReferenceMandatory="false" IsTypeMandatory="false" />
  <LinkStrengthInfo DefaultLinkStrengthId="f232caa8-cf55-4d9a-8c21-19a55b0447da">
    <LinkStrengths>
      <LinkStrength Id="f232caa8-cf55-4d9a-8c21-19a55b0447da" Name="Confirmed" LineStyle="SOLID" />
      <LinkStrength Id="59f66ee2-0abe-4036-a11d-07ed4175720e" Name="Unconfirmed" LineStyle="DASHED" />
      <LinkStrength Id="f0d2ff1c-28cb-4afe-8cbb-89e198c910a3" Name="Tentative" LineStyle="DOTTED" />
    </LinkStrengths>
  </LinkStrengthInfo>
  <LabelingSchemes>
    <LabelingScheme Name="Labeling Scheme 1" Id="4a39af39-fa0d-44e0-b45f-564bedfa7e3a">
      <LabelDefinitions>
        <LabelDefinition ItemTypeId="372a12af-f684-41c5-9ce9-759b3beef826">
          <LabelParts>
            <LabelPart Value="07e81445-0f5e-4340-b355-c82809e895da" LabelPartType="PROPERTY_TYPE" />
          </LabelParts>
        </LabelDefinition>
        <LabelDefinition ItemTypeId="642330a9-1eca-43d0-9f45-a3ca2fd8a1bb">
          <LabelParts>
            <LabelPart Value="ce3d12ac-2632-4a0f-b2b6-6a7fdda887a6" LabelPartType="PROPERTY_TYPE" />
          </LabelParts>
        </LabelDefinition>
        <LabelDefinition ItemTypeId="43cd717c-0204-4c81-93ea-f9f0458bc5ea">
          <LabelParts>
            <LabelPart Value="98ce27bc-50d7-4fa0-89b0-d6440cdb12fd" LabelPartType="PROPERTY_TYPE" />
          </LabelParts>
        </LabelDefinition>
        <LabelDefinition ItemTypeId="1274e2e7-7751-4dae-a994-648718e19f04">
          <LabelParts>
            <LabelPart Value="b7b059a0-1079-45ac-8ae0-ee026f70dd69" LabelPartType="PROPERTY_TYPE" />
          </LabelParts>
        </LabelDefinition>
        <LabelDefinition ItemTypeId="dab2f6f2-813c-4a47-b630-b91f52a1e0e1">
          <LabelParts>
            <LabelPart Value="Subscribed to" LabelPartType="LITERAL" />
          </LabelParts>
        </LabelDefinition>
        <LabelDefinition ItemTypeId="cf17d636-44c9-4897-b19d-7d2eda002e57">
          <LabelParts>
            <LabelPart Value="d6d03ce2-3cd6-49c1-8a66-366d0e434fd4" LabelPartType="PROPERTY_TYPE" />
          </LabelParts>
        </LabelDefinition>
        <LabelDefinition ItemTypeId="ET1">
          <LabelParts>
            <LabelPart Value="PT1" LabelPartType="PROPERTY_TYPE" />
          </LabelParts>
        </LabelDefinition>
        <LabelDefinition ItemTypeId="ET2">
          <LabelParts>
            <LabelPart Value="PT11" LabelPartType="PROPERTY_TYPE" />
          </LabelParts>
        </LabelDefinition>
        <LabelDefinition ItemTypeId="ET3">
          <LabelParts />
        </LabelDefinition>
        <LabelDefinition ItemTypeId="LT1">
          <LabelParts>
            <LabelPart Value="PT17" LabelPartType="PROPERTY_TYPE" />
          </LabelParts>
        </LabelDefinition>
        <LabelDefinition ItemTypeId="ET5">
          <LabelParts>
            <LabelPart Value="PT15" LabelPartType="PROPERTY_TYPE" />
          </LabelParts>
        </LabelDefinition>
        <LabelDefinition ItemTypeId="ET6">
          <LabelParts>
            <LabelPart Value="PT25" LabelPartType="PROPERTY_TYPE" />
          </LabelParts>
        </LabelDefinition>
        <LabelDefinition ItemTypeId="ET7">
          <LabelParts>
            <LabelPart Value="PT12" LabelPartType="PROPERTY_TYPE" />
          </LabelParts>
        </LabelDefinition>
      </LabelDefinitions>
    </LabelingScheme>
  </LabelingSchemes>
  <SemanticTypeLibrary>
    <lcx:LibraryCatalogue VersionMajor="1" VersionMinor="18" VersionRelease="27" VersionBuild="60" xmlns:lcx="http://www.i2group.com/Schemas/2001-12-07/LCXSchema" xmlns:xsi="http://www.w3.org/2001/XMLSchema-instance" LocaleHex="0409" />
  </SemanticTypeLibrary>
</ns2:Schema>