<?xml version="1.0" encoding="UTF-8"?>

<!-- Results configuration for Law_Enforcement_Schema.xml -->
<tns:ResultsConfiguration xmlns:tns="http://www.i2group.com/Schemas/2016-04-25/ResultsConfiguration" xmlns:xsi="http://www.w3.org/2001/XMLSchema-instance" xsi:schemaLocation="http://www.i2group.com/Schemas/2016-04-25/ResultsConfiguration ResultsConfiguration.xsd ">
    <Facets InlineLimit="5" ViewAllLimit="100">
        <!-- User -->
        <ItemTypeFacet TypeId="ET1" Subfacets="ExcludeSpecific">
            <PropertyTypeFacet TypeId="PT1" />
            <PropertyTypeFacet TypeId="PT8" />
        </ItemTypeFacet>
        
        <!-- search-->
        <ItemTypeFacet TypeId="ET2" Subfacets="ExcludeSpecific">
            <PropertyTypeFacet TypeId="PT2" />
            <PropertyTypeFacet TypeId="PT3" />
            <PropertyTypeFacet TypeId="PT4" />
            <PropertyTypeFacet TypeId="PT7" />
            <PropertyTypeFacet TypeId="PT9" />
            <PropertyTypeFacet TypeId="PT10" />
            <PropertyTypeFacet TypeId="PT11" />
            <PropertyTypeFacet TypeId="PT13" />
            <PropertyTypeFacet TypeId="PT22" />
            <PropertyTypeFacet TypeId="PT23" />
            <PropertyTypeFacet TypeId="PT24" />
        </ItemTypeFacet>
        
        <!-- Vehicle -->
        <ItemTypeFacet TypeId="ET3" Subfacets="ExcludeSpecific">
		<PropertyTypeFacet TypeId="PT6" />
        </ItemTypeFacet>
        

        <ItemTypeFacet TypeId="ET5" Subfacets="ExcludeSpecific">
		<PropertyTypeFacet TypeId="PT14" />
		<PropertyTypeFacet TypeId="PT15" />
		<PropertyTypeFacet TypeId="PT16" />
		<PropertyTypeFacet TypeId="PT17" />
		<PropertyTypeFacet TypeId="PT18" />
		<PropertyTypeFacet TypeId="PT19" />
		<PropertyTypeFacet TypeId="PT20" />
		<PropertyTypeFacet TypeId="PT21" />
        </ItemTypeFacet>
        
        <!-- Involved In -->
        <ItemTypeFacet TypeId="LT1" Subfacets="ExcludeSpecific">
            <!-- Unique Reference -->
            <PropertyTypeFacet TypeId="PT5" />
        </ItemTypeFacet>
  
    </Facets>
</tns:ResultsConfiguration>