[{
	"id": "SEARCHTODATASTORE",
    "itemTypeId": "LT1",
    "stagingArea": {
      "tableName": "AUDIT.SEARCHTODATASTORELINK",
      "type": "DATABASE"
    },
    "dataSourceName": "BRIAN",
	"securityDimensionValues" : ["OSI","UC"],
    "originId": {
	"type": "OI.OW",
      "keys": [
        "$(SOURCE_ID)"
      ]
    },
	"fromOriginId" : {
      "type": "Search",
      "keys": [
        "$(FROM_SOURCE_ID)"
      ]
    },
	"fromEntityTypeId" : "ET2", 
	"toOriginId" : {
      "type": "Datastore",
      "keys": [
        "$(TO_SOURCE_ID)"
      ]
    },
	"toEntityTypeId" : "ET7",
	"linkDirection" : "N"
}]
