[{
	"id": "USERTOSEARCH",
    "itemTypeId": "LT1",
    "stagingArea": {
      "tableName": "AUDIT.USERTOSEARCHLINK",
      "type": "DATABASE"
    },
    "dataSourceName": "BRIAN",
	"securityDimensionValues" : ["OSI","UC"],
    "originId": {
	"type": "OI.OW",
      "keys": [
        "$(SOURCE_ID)"
      ]
    },
	"fromOriginId" : {
      "type": "User",
      "keys": [
        "$(FROM_SOURCE_ID)"
      ]
    },
	"fromEntityTypeId" : "ET1", 
	"toOriginId" : {
      "type": "Search",
      "keys": [
        "$(TO_SOURCE_ID)"
      ]
    },
	"toEntityTypeId" : "ET2",
	"linkDirection" : "N"
}]
