[{
	"id": "USERTOCOMPUTER",
    "itemTypeId": "LT1",
    "stagingArea": {
      "tableName": "AUDIT.USERTOCOMPUTERLINK",
      "type": "DATABASE"
    },
    "dataSourceName": "BRIAN",
	"securityDimensionValues" : ["OSI","UC"],
    "originId": {
	"type": "OI.OW",
      "keys": [
        "$(SOURCE_ID)"
      ]
    },
	"fromOriginId" : {
      "type": "User",
      "keys": [
        "$(FROM_SOURCE_ID)"
      ]
    },
	"fromEntityTypeId" : "ET1", 
	"toOriginId" : {
      "type": "Computer",
      "keys": [
        "$(TO_SOURCE_ID)"
      ]
    },
	"toEntityTypeId" : "ET6",
	"linkDirection" : "N"
}]
