"Jenny","Jenny","[Human Informants, HUMINT, Analyst, Administrator, Unclassified, Clerk, OSINT, Open Source Intelligence, Security Controller, securityGroupAdministrator, Controlled]"
"Imogen","Imogen","[Human Informants, HUMINT, Analyst, Unclassified, Clerk, OSINT, Open Source Intelligence, Security Controller, securityGroupAdministrator, Controlled]"
"Edward","Edward","[Human Informants, HUMINT, Analyst, Unclassified, Clerk, OSINT, Open Source Intelligence, Security Controller, securityGroupAdministrator, Controlled]"
"Zoe","Zoe","[Human Informants, HUMINT, Analyst, Unclassified, Clerk, OSINT, Open Source Intelligence, Security Controller, securityGroupAdministrator, Controlled]"
"Shivani","Shivani","[Human Informants, HUMINT, Analyst, Unclassified, Clerk, OSINT, Open Source Intelligence, Security Controller, securityGroupAdministrator, Controlled]"
"Russ","Russ","[Human Informants, HUMINT, Analyst, Unclassified, OSINT, Open Source Intelligence, Security Controller, securityGroupAdministrator, Controlled]"
"Phil","Phil","[Human Informants, HUMINT, Analyst, Unclassified, OSINT, Open Source Intelligence, Security Controller, securityGroupAdministrator, Controlled]"
"Nick","Nick","[Human Informants, HUMINT, Analyst, Unclassified, Clerk, OSINT, Open Source Intelligence, Security Controller, securityGroupAdministrator, Controlled]"
